PassengerId,Sex_female,Sex_male,AgeStatus_adult,AgeStatus_child,AgeStatus_unknown,Pclass_1,Pclass_2,Pclass_3,Label
1,false,true,true,false,false,false,false,true,0
2,true,false,true,false,false,true,false,false,1
3,true,false,true,false,false,false,false,true,1
4,true,false,true,false,false,true,false,false,1
5,false,true,true,false,false,false,false,true,0
6,false,true,false,false,true,false,false,true,0
7,false,true,true,false,false,true,false,false,0
8,false,true,false,true,false,false,false,true,0
9,true,false,true,false,false,false,false,true,1
10,true,false,false,true,false,false,true,false,1
11,true,false,false,true,false,false,false,true,1
12,true,false,true,false,false,true,false,false,1
13,false,true,true,false,false,false,false,true,0
14,false,true,true,false,false,false,false,true,0
15,true,false,false,true,false,false,false,true,0
16,true,false,true,false,false,false,true,false,1
17,false,true,false,true,false,false,false,true,0
18,false,true,false,false,true,false,true,false,1
19,true,false,true,false,false,false,false,true,0
20,true,false,false,false,true,false,false,true,1
21,false,true,true,false,false,false,true,false,0
22,false,true,true,false,false,false,true,false,1
23,true,false,false,true,false,false,false,true,1
24,false,true,true,false,false,true,false,false,1
25,true,false,false,true,false,false,false,true,0
26,true,false,true,false,false,false,false,true,1
27,false,true,false,false,true,false,false,true,0
28,false,true,true,false,false,true,false,false,0
29,true,false,false,false,true,false,false,true,1
30,false,true,false,false,true,false,false,true,0
31,false,true,true,false,false,true,false,false,0
32,true,false,false,false,true,true,false,false,1
33,true,false,false,false,true,false,false,true,1
34,false,true,true,false,false,false,true,false,0
35,false,true,true,false,false,true,false,false,0
36,false,true,true,false,false,true,false,false,0
37,false,true,false,false,true,false,false,true,1
38,false,true,true,false,false,false,false,true,0
39,true,false,true,false,false,false,false,true,0
40,true,false,false,true,false,false,false,true,1
41,true,false,true,false,false,false,false,true,0
42,true,false,true,false,false,false,true,false,0
43,false,true,false,false,true,false,false,true,0
44,true,false,false,true,false,false,true,false,1
45,true,false,true,false,false,false,false,true,1
46,false,true,false,false,true,false,false,true,0
47,false,true,false,false,true,false,false,true,0
48,true,false,false,false,true,false,false,true,1
49,false,true,false,false,true,false,false,true,0
50,true,false,true,false,false,false,false,true,0
51,false,true,false,true,false,false,false,true,0
52,false,true,true,false,false,false,false,true,0
53,true,false,true,false,false,true,false,false,1
54,true,false,true,false,false,false,true,false,1
55,false,true,true,false,false,true,false,false,0
56,false,true,false,false,true,true,false,false,1
57,true,false,true,false,false,false,true,false,1
58,false,true,true,false,false,false,false,true,0
59,true,false,false,true,false,false,true,false,1
60,false,true,false,true,false,false,false,true,0
61,false,true,true,false,false,false,false,true,0
62,true,false,true,false,false,true,false,false,1
63,false,true,true,false,false,true,false,false,0
64,false,true,false,true,false,false,false,true,0
65,false,true,false,false,true,true,false,false,0
66,false,true,false,false,true,false,false,true,1
67,true,false,true,false,false,false,true,false,1
68,false,true,true,false,false,false,false,true,0
69,true,false,false,true,false,false,false,true,1
70,false,true,true,false,false,false,false,true,0
71,false,true,true,false,false,false,true,false,0
72,true,false,false,true,false,false,false,true,0
73,false,true,true,false,false,false,true,false,0
74,false,true,true,false,false,false,false,true,0
75,false,true,true,false,false,false,false,true,1
76,false,true,true,false,false,false,false,true,0
77,false,true,false,false,true,false,false,true,0
78,false,true,false,false,true,false,false,true,0
79,false,true,false,true,false,false,true,false,1
80,true,false,true,false,false,false,false,true,1
81,false,true,true,false,false,false,false,true,0
82,false,true,true,false,false,false,false,true,1
83,true,false,false,false,true,false,false,true,1
84,false,true,true,false,false,true,false,false,0
85,true,false,false,true,false,false,true,false,1
86,true,false,true,false,false,false,false,true,1
87,false,true,false,true,false,false,false,true,0
88,false,true,false,false,true,false,false,true,0
89,true,false,true,false,false,true,false,false,1
90,false,true,true,false,false,false,false,true,0
91,false,true,true,false,false,false,false,true,0
92,false,true,true,false,false,false,false,true,0
93,false,true,true,false,false,true,false,false,0
94,false,true,true,false,false,false,false,true,0
95,false,true,true,false,false,false,false,true,0
96,false,true,false,false,true,false,false,true,0
97,false,true,true,false,false,true,false,false,0
98,false,true,true,false,false,true,false,false,1
99,true,false,true,false,false,false,true,false,1
100,false,true,true,false,false,false,true,false,0
101,true,false,true,false,false,false,false,true,0
102,false,true,false,false,true,false,false,true,0
103,false,true,true,false,false,true,false,false,0
104,false,true,true,false,false,false,false,true,0
105,false,true,true,false,false,false,false,true,0
106,false,true,true,false,false,false,false,true,0
107,true,false,true,false,false,false,false,true,1
108,false,true,false,false,true,false,false,true,1
109,false,true,true,false,false,false,false,true,0
110,true,false,false,false,true,false,false,true,1
111,false,true,true,false,false,true,false,false,0
112,true,false,false,true,false,false,false,true,0
113,false,true,true,false,false,false,false,true,0
114,true,false,true,false,false,false,false,true,0
115,true,false,false,true,false,false,false,true,0
116,false,true,true,false,false,false,false,true,0
117,false,true,true,false,false,false,false,true,0
118,false,true,true,false,false,false,true,false,0
119,false,true,true,false,false,true,false,false,0
120,true,false,false,true,false,false,false,true,0
121,false,true,true,false,false,false,true,false,0
122,false,true,false,false,true,false,false,true,0
123,false,true,true,false,false,false,true,false,0
124,true,false,true,false,false,false,true,false,1
125,false,true,true,false,false,true,false,false,0
126,false,true,false,true,false,false,false,true,1
127,false,true,false,false,true,false,false,true,0
128,false,true,true,false,false,false,false,true,1
129,true,false,false,false,true,false,false,true,1
130,false,true,true,false,false,false,false,true,0
131,false,true,true,false,false,false,false,true,0
132,false,true,true,false,false,false,false,true,0
133,true,false,true,false,false,false,false,true,0
134,true,false,true,false,false,false,true,false,1
135,false,true,true,false,false,false,true,false,0
136,false,true,true,false,false,false,true,false,0
137,true,false,true,false,false,true,false,false,1
138,false,true,true,false,false,true,false,false,0
139,false,true,false,true,false,false,false,true,0
140,false,true,true,false,false,true,false,false,0
141,true,false,false,false,true,false,false,true,0
142,true,false,true,false,false,false,false,true,1
143,true,false,true,false,false,false,false,true,1
144,false,true,true,false,false,false,false,true,0
145,false,true,true,false,false,false,true,false,0
146,false,true,true,false,false,false,true,false,0
147,false,true,true,false,false,false,false,true,1
148,true,false,false,true,false,false,false,true,0
149,false,true,true,false,false,false,true,false,0
150,false,true,true,false,false,false,true,false,0
151,false,true,true,false,false,false,true,false,0
152,true,false,true,false,false,true,false,false,1
153,false,true,true,false,false,false,false,true,0
154,false,true,true,false,false,false,false,true,0
155,false,true,false,false,true,false,false,true,0
156,false,true,true,false,false,true,false,false,0
157,true,false,false,true,false,false,false,true,1
158,false,true,true,false,false,false,false,true,0
159,false,true,false,false,true,false,false,true,0
160,false,true,false,false,true,false,false,true,0
161,false,true,true,false,false,false,false,true,0
162,true,false,true,false,false,false,true,false,1
163,false,true,true,false,false,false,false,true,0
164,false,true,false,true,false,false,false,true,0
165,false,true,false,true,false,false,false,true,0
166,false,true,false,true,false,false,false,true,1
167,true,false,false,false,true,true,false,false,1
168,true,false,true,false,false,false,false,true,0
169,false,true,false,false,true,true,false,false,0
170,false,true,true,false,false,false,false,true,0
171,false,true,true,false,false,true,false,false,0
172,false,true,false,true,false,false,false,true,0
173,true,false,false,true,false,false,false,true,1
174,false,true,true,false,false,false,false,true,0
175,false,true,true,false,false,true,false,false,0
176,false,true,true,false,false,false,false,true,0
177,false,true,false,false,true,false,false,true,0
178,true,false,true,false,false,true,false,false,0
179,false,true,true,false,false,false,true,false,0
180,false,true,true,false,false,false,false,true,0
181,true,false,false,false,true,false,false,true,0
182,false,true,false,false,true,false,true,false,0
183,false,true,false,true,false,false,false,true,0
184,false,true,false,true,false,false,true,false,1
185,true,false,false,true,false,false,false,true,1
186,false,true,false,false,true,true,false,false,0
187,true,false,false,false,true,false,false,true,1
188,false,true,true,false,false,true,false,false,1
189,false,true,true,false,false,false,false,true,0
190,false,true,true,false,false,false,false,true,0
191,true,false,true,false,false,false,true,false,1
192,false,true,true,false,false,false,true,false,0
193,true,false,true,false,false,false,false,true,1
194,false,true,false,true,false,false,true,false,1
195,true,false,true,false,false,true,false,false,1
196,true,false,true,false,false,true,false,false,1
197,false,true,false,false,true,false,false,true,0
198,false,true,true,false,false,false,false,true,0
199,true,false,false,false,true,false,false,true,1
200,true,false,true,false,false,false,true,false,0
201,false,true,true,false,false,false,false,true,0
202,false,true,false,false,true,false,false,true,0
203,false,true,true,false,false,false,false,true,0
204,false,true,true,false,false,false,false,true,0
205,false,true,true,false,false,false,false,true,1
206,true,false,false,true,false,false,false,true,0
207,false,true,true,false,false,false,false,true,0
208,false,true,true,false,false,false,false,true,1
209,true,false,false,true,false,false,false,true,1
210,false,true,true,false,false,true,false,false,1
211,false,true,true,false,false,false,false,true,0
212,true,false,true,false,false,false,true,false,1
213,false,true,true,false,false,false,false,true,0
214,false,true,true,false,false,false,true,false,0
215,false,true,false,false,true,false,false,true,0
216,true,false,true,false,false,true,false,false,1
217,true,false,true,false,false,false,false,true,1
218,false,true,true,false,false,false,true,false,0
219,true,false,true,false,false,true,false,false,1
220,false,true,true,false,false,false,true,false,0
221,false,true,false,true,false,false,false,true,1
222,false,true,true,false,false,false,true,false,0
223,false,true,true,false,false,false,false,true,0
224,false,true,false,false,true,false,false,true,0
225,false,true,true,false,false,true,false,false,1
226,false,true,true,false,false,false,false,true,0
227,false,true,true,false,false,false,true,false,1
228,false,true,true,false,false,false,false,true,0
229,false,true,true,false,false,false,true,false,0
230,true,false,false,false,true,false,false,true,0
231,true,false,true,false,false,true,false,false,1
232,false,true,true,false,false,false,false,true,0
233,false,true,true,false,false,false,true,false,0
234,true,false,false,true,false,false,false,true,1
235,false,true,true,false,false,false,true,false,0
236,true,false,false,false,true,false,false,true,0
237,false,true,true,false,false,false,true,false,0
238,true,false,false,true,false,false,true,false,1
239,false,true,true,false,false,false,true,false,0
240,false,true,true,false,false,false,true,false,0
241,true,false,false,false,true,false,false,true,0
242,true,false,false,false,true,false,false,true,1
243,false,true,true,false,false,false,true,false,0
244,false,true,true,false,false,false,false,true,0
245,false,true,true,false,false,false,false,true,0
246,false,true,true,false,false,true,false,false,0
247,true,false,true,false,false,false,false,true,0
248,true,false,true,false,false,false,true,false,1
249,false,true,true,false,false,true,false,false,1
250,false,true,true,false,false,false,true,false,0
251,false,true,false,false,true,false,false,true,0
252,true,false,true,false,false,false,false,true,0
253,false,true,true,false,false,true,false,false,0
254,false,true,true,false,false,false,false,true,0
255,true,false,true,false,false,false,false,true,0
256,true,false,true,false,false,false,false,true,1
257,true,false,false,false,true,true,false,false,1
258,true,false,true,false,false,true,false,false,1
259,true,false,true,false,false,true,false,false,1
260,true,false,true,false,false,false,true,false,1
261,false,true,false,false,true,false,false,true,0
262,false,true,false,true,false,false,false,true,1
263,false,true,true,false,false,true,false,false,0
264,false,true,true,false,false,true,false,false,0
265,true,false,false,false,true,false,false,true,0
266,false,true,true,false,false,false,true,false,0
267,false,true,false,true,false,false,false,true,0
268,false,true,true,false,false,false,false,true,1
269,true,false,true,false,false,true,false,false,1
270,true,false,true,false,false,true,false,false,1
271,false,true,false,false,true,true,false,false,0
272,false,true,true,false,false,false,false,true,1
273,true,false,true,false,false,false,true,false,1
274,false,true,true,false,false,true,false,false,0
275,true,false,false,false,true,false,false,true,1
276,true,false,true,false,false,true,false,false,1
277,true,false,true,false,false,false,false,true,0
278,false,true,false,false,true,false,true,false,0
279,false,true,false,true,false,false,false,true,0
280,true,false,true,false,false,false,false,true,1
281,false,true,true,false,false,false,false,true,0
282,false,true,true,false,false,false,false,true,0
283,false,true,false,true,false,false,false,true,0
284,false,true,true,false,false,false,false,true,1
285,false,true,false,false,true,true,false,false,0
286,false,true,true,false,false,false,false,true,0
287,false,true,true,false,false,false,false,true,1
288,false,true,true,false,false,false,false,true,0
289,false,true,true,false,false,false,true,false,1
290,true,false,true,false,false,false,false,true,1
291,true,false,true,false,false,true,false,false,1
292,true,false,true,false,false,true,false,false,1
293,false,true,true,false,false,false,true,false,0
294,true,false,true,false,false,false,false,true,0
295,false,true,true,false,false,false,false,true,0
296,false,true,false,false,true,true,false,false,0
297,false,true,true,false,false,false,false,true,0
298,true,false,false,true,false,true,false,false,0
299,false,true,false,false,true,true,false,false,1
300,true,false,true,false,false,true,false,false,1
301,true,false,false,false,true,false,false,true,1
302,false,true,false,false,true,false,false,true,1
303,false,true,true,false,false,false,false,true,0
304,true,false,false,false,true,false,true,false,1
305,false,true,false,false,true,false,false,true,0
306,false,true,false,true,false,true,false,false,1
307,true,false,false,false,true,true,false,false,1
308,true,false,false,true,false,true,false,false,1
309,false,true,true,false,false,false,true,false,0
310,true,false,true,false,false,true,false,false,1
311,true,false,true,false,false,true,false,false,1
312,true,false,true,false,false,true,false,false,1
313,true,false,true,false,false,false,true,false,0
314,false,true,true,false,false,false,false,true,0
315,false,true,true,false,false,false,true,false,0
316,true,false,true,false,false,false,false,true,1
317,true,false,true,false,false,false,true,false,1
318,false,true,true,false,false,false,true,false,0
319,true,false,true,false,false,true,false,false,1
320,true,false,true,false,false,true,false,false,1
321,false,true,true,false,false,false,false,true,0
322,false,true,true,false,false,false,false,true,0
323,true,false,true,false,false,false,true,false,1
324,true,false,true,false,false,false,true,false,1
325,false,true,false,false,true,false,false,true,0
326,true,false,true,false,false,true,false,false,1
327,false,true,true,false,false,false,false,true,0
328,true,false,true,false,false,false,true,false,1
329,true,false,true,false,false,false,false,true,1
330,true,false,false,true,false,true,false,false,1
331,true,false,false,false,true,false,false,true,1
332,false,true,true,false,false,true,false,false,0
333,false,true,true,false,false,true,false,false,0
334,false,true,false,true,false,false,false,true,0
335,true,false,false,false,true,true,false,false,1
336,false,true,false,false,true,false,false,true,0
337,false,true,true,false,false,true,false,false,0
338,true,false,true,false,false,true,false,false,1
339,false,true,true,false,false,false,false,true,1
340,false,true,true,false,false,true,false,false,0
341,false,true,false,true,false,false,true,false,1
342,true,false,true,false,false,true,false,false,1
343,false,true,true,false,false,false,true,false,0
344,false,true,true,false,false,false,true,false,0
345,false,true,true,false,false,false,true,false,0
346,true,false,true,false,false,false,true,false,1
347,true,false,true,false,false,false,true,false,1
348,true,false,false,false,true,false,false,true,1
349,false,true,false,true,false,false,false,true,1
350,false,true,true,false,false,false,false,true,0
351,false,true,true,false,false,false,false,true,0
352,false,true,false,false,true,true,false,false,0
353,false,true,false,true,false,false,false,true,0
354,false,true,true,false,false,false,false,true,0
355,false,true,false,false,true,false,false,true,0
356,false,true,true,false,false,false,false,true,0
357,true,false,true,false,false,true,false,false,1
358,true,false,true,false,false,false,true,false,0
359,true,false,false,false,true,false,false,true,1
360,true,false,false,false,true,false,false,true,1
361,false,true,true,false,false,false,false,true,0
362,false,true,true,false,false,false,true,false,0
363,true,false,true,false,false,false,false,true,0
364,false,true,true,false,false,false,false,true,0
365,false,true,false,false,true,false,false,true,0
366,false,true,true,false,false,false,false,true,0
367,true,false,true,false,false,true,false,false,1
368,true,false,false,false,true,false,false,true,1
369,true,false,false,false,true,false,false,true,1
370,true,false,true,false,false,true,false,false,1
371,false,true,true,false,false,true,false,false,1
372,false,true,true,false,false,false,false,true,0
373,false,true,true,false,false,false,false,true,0
374,false,true,true,false,false,true,false,false,0
375,true,false,false,true,false,false,false,true,0
376,true,false,false,false,true,true,false,false,1
377,true,false,true,false,false,false,false,true,1
378,false,true,true,false,false,true,false,false,0
379,false,true,true,false,false,false,false,true,0
380,false,true,true,false,false,false,false,true,0
381,true,false,true,false,false,true,false,false,1
382,true,false,false,true,false,false,false,true,1
383,false,true,true,false,false,false,false,true,0
384,true,false,true,false,false,true,false,false,1
385,false,true,false,false,true,false,false,true,0
386,false,true,true,false,false,false,true,false,0
387,false,true,false,true,false,false,false,true,0
388,true,false,true,false,false,false,true,false,1
389,false,true,false,false,true,false,false,true,0
390,true,false,false,true,false,false,true,false,1
391,false,true,true,false,false,true,false,false,1
392,false,true,true,false,false,false,false,true,1
393,false,true,true,false,false,false,false,true,0
394,true,false,true,false,false,true,false,false,1
395,true,false,true,false,false,false,false,true,1
396,false,true,true,false,false,false,false,true,0
397,true,false,true,false,false,false,false,true,0
398,false,true,true,false,false,false,true,false,0
399,false,true,true,false,false,false,true,false,0
400,true,false,true,false,false,false,true,false,1
401,false,true,true,false,false,false,false,true,1
402,false,true,true,false,false,false,false,true,0
403,true,false,true,false,false,false,false,true,0
404,false,true,true,false,false,false,false,true,0
405,true,false,true,false,false,false,false,true,0
406,false,true,true,false,false,false,true,false,0
407,false,true,true,false,false,false,false,true,0
408,false,true,false,true,false,false,true,false,1
409,false,true,true,false,false,false,false,true,0
410,true,false,false,false,true,false,false,true,0
411,false,true,false,false,true,false,false,true,0
412,false,true,false,false,true,false,false,true,0
413,true,false,true,false,false,true,false,false,1
414,false,true,false,false,true,false,true,false,0
415,false,true,true,false,false,false,false,true,1
416,true,false,false,false,true,false,false,true,0
417,true,false,true,false,false,false,true,false,1
418,true,false,true,false,false,false,true,false,1
419,false,true,true,false,false,false,true,false,0
420,true,false,false,true,false,false,false,true,0
421,false,true,false,false,true,false,false,true,0
422,false,true,true,false,false,false,false,true,0
423,false,true,true,false,false,false,false,true,0
424,true,false,true,false,false,false,false,true,0
425,false,true,true,false,false,false,false,true,0
426,false,true,false,false,true,false,false,true,0
427,true,false,true,false,false,false,true,false,1
428,true,false,true,false,false,false,true,false,1
429,false,true,false,false,true,false,false,true,0
430,false,true,true,false,false,false,false,true,1
431,false,true,true,false,false,true,false,false,1
432,true,false,false,false,true,false,false,true,1
433,true,false,true,false,false,false,true,false,1
434,false,true,false,true,false,false,false,true,0
435,false,true,true,false,false,true,false,false,0
436,true,false,false,true,false,true,false,false,1
437,true,false,true,false,false,false,false,true,0
438,true,false,true,false,false,false,true,false,1
439,false,true,true,false,false,true,false,false,0
440,false,true,true,false,false,false,true,false,0
441,true,false,true,false,false,false,true,false,1
442,false,true,true,false,false,false,false,true,0
443,false,true,true,false,false,false,false,true,0
444,true,false,true,false,false,false,true,false,1
445,false,true,false,false,true,false,false,true,1
446,false,true,false,true,false,true,false,false,1
447,true,false,false,true,false,false,true,false,1
448,false,true,true,false,false,true,false,false,1
449,true,false,false,true,false,false,false,true,1
450,false,true,true,false,false,true,false,false,1
451,false,true,true,false,false,false,true,false,0
452,false,true,false,false,true,false,false,true,0
453,false,true,true,false,false,true,false,false,0
454,false,true,true,false,false,true,false,false,1
455,false,true,false,false,true,false,false,true,0
456,false,true,true,false,false,false,false,true,1
457,false,true,true,false,false,true,false,false,0
458,true,false,false,false,true,true,false,false,1
459,true,false,true,false,false,false,true,false,1
460,false,true,false,false,true,false,false,true,0
461,false,true,true,false,false,true,false,false,1
462,false,true,true,false,false,false,false,true,0
463,false,true,true,false,false,true,false,false,0
464,false,true,true,false,false,false,true,false,0
465,false,true,false,false,true,false,false,true,0
466,false,true,true,false,false,false,false,true,0
467,false,true,false,false,true,false,true,false,0
468,false,true,true,false,false,true,false,false,0
469,false,true,false,false,true,false,false,true,0
470,true,false,false,true,false,false,false,true,1
471,false,true,false,false,true,false,false,true,0
472,false,true,true,false,false,false,false,true,0
473,true,false,true,false,false,false,true,false,1
474,true,false,true,false,false,false,true,false,1
475,true,false,true,false,false,false,false,true,0
476,false,true,false,false,true,true,false,false,0
477,false,true,true,false,false,false,true,false,0
478,false,true,true,false,false,false,false,true,0
479,false,true,true,false,false,false,false,true,0
480,true,false,false,true,false,false,false,true,1
481,false,true,false,true,false,false,false,true,0
482,false,true,false,false,true,false,true,false,0
483,false,true,true,false,false,false,false,true,0
484,true,false,true,false,false,false,false,true,1
485,false,true,true,false,false,true,false,false,1
486,true,false,false,false,true,false,false,true,0
487,true,false,true,false,false,true,false,false,1
488,false,true,true,false,false,true,false,false,0
489,false,true,true,false,false,false,false,true,0
490,false,true,false,true,false,false,false,true,1
491,false,true,false,false,true,false,false,true,0
492,false,true,true,false,false,false,false,true,0
493,false,true,true,false,false,true,false,false,0
494,false,true,true,false,false,true,false,false,0
495,false,true,true,false,false,false,false,true,0
496,false,true,false,false,true,false,false,true,0
497,true,false,true,false,false,true,false,false,1
498,false,true,false,false,true,false,false,true,0
499,true,false,true,false,false,true,false,false,0
500,false,true,true,false,false,false,false,true,0
501,false,true,false,true,false,false,false,true,0
502,true,false,true,false,false,false,false,true,0
503,true,false,false,false,true,false,false,true,0
504,true,false,true,false,false,false,false,true,0
505,true,false,false,true,false,true,false,false,1
506,false,true,true,false,false,true,false,false,0
507,true,false,true,false,false,false,true,false,1
508,false,true,false,false,true,true,false,false,1
509,false,true,true,false,false,false,false,true,0
510,false,true,true,false,false,false,false,true,1
511,false,true,true,false,false,false,false,true,1
512,false,true,false,false,true,false,false,true,0
513,false,true,true,false,false,true,false,false,1
514,true,false,true,false,false,true,false,false,1
515,false,true,true,false,false,false,false,true,0
516,false,true,true,false,false,true,false,false,0
517,true,false,true,false,false,false,true,false,1
518,false,true,false,false,true,false,false,true,0
519,true,false,true,false,false,false,true,false,1
520,false,true,true,false,false,false,false,true,0
521,true,false,true,false,false,true,false,false,1
522,false,true,true,false,false,false,false,true,0
523,false,true,false,false,true,false,false,true,0
524,true,false,true,false,false,true,false,false,1
525,false,true,false,false,true,false,false,true,0
526,false,true,true,false,false,false,false,true,0
527,true,false,true,false,false,false,true,false,1
528,false,true,false,false,true,true,false,false,0
529,false,true,true,false,false,false,false,true,0
530,false,true,true,false,false,false,true,false,0
531,true,false,false,true,false,false,true,false,1
532,false,true,false,false,true,false,false,true,0
533,false,true,false,true,false,false,false,true,0
534,true,false,false,false,true,false,false,true,1
535,true,false,true,false,false,false,false,true,0
536,true,false,false,true,false,false,true,false,1
537,false,true,true,false,false,true,false,false,0
538,true,false,true,false,false,true,false,false,1
539,false,true,false,false,true,false,false,true,0
540,true,false,true,false,false,true,false,false,1
541,true,false,true,false,false,true,false,false,1
542,true,false,false,true,false,false,false,true,0
543,true,false,false,true,false,false,false,true,0
544,false,true,true,false,false,false,true,false,1
545,false,true,true,false,false,true,false,false,0
546,false,true,true,false,false,true,false,false,0
547,true,false,true,false,false,false,true,false,1
548,false,true,false,false,true,false,true,false,1
549,false,true,true,false,false,false,false,true,0
550,false,true,false,true,false,false,true,false,1
551,false,true,false,true,false,true,false,false,1
552,false,true,true,false,false,false,true,false,0
553,false,true,false,false,true,false,false,true,0
554,false,true,true,false,false,false,false,true,1
555,true,false,true,false,false,false,false,true,1
556,false,true,true,false,false,true,false,false,0
557,true,false,true,false,false,true,false,false,1
558,false,true,false,false,true,true,false,false,0
559,true,false,true,false,false,true,false,false,1
560,true,false,true,false,false,false,false,true,1
561,false,true,false,false,true,false,false,true,0
562,false,true,true,false,false,false,false,true,0
563,false,true,true,false,false,false,true,false,0
564,false,true,false,false,true,false,false,true,0
565,true,false,false,false,true,false,false,true,0
566,false,true,true,false,false,false,false,true,0
567,false,true,true,false,false,false,false,true,0
568,true,false,true,false,false,false,false,true,0
569,false,true,false,false,true,false,false,true,0
570,false,true,true,false,false,false,false,true,1
571,false,true,true,false,false,false,true,false,1
572,true,false,true,false,false,true,false,false,1
573,false,true,true,false,false,true,false,false,1
574,true,false,false,false,true,false,false,true,1
575,false,true,false,true,false,false,false,true,0
576,false,true,true,false,false,false,false,true,0
577,true,false,true,false,false,false,true,false,1
578,true,false,true,false,false,true,false,false,1
579,true,false,false,false,true,false,false,true,0
580,false,true,true,false,false,false,false,true,1
581,true,false,true,false,false,false,true,false,1
582,true,false,true,false,false,true,false,false,1
583,false,true,true,false,false,false,true,false,0
584,false,true,true,false,false,true,false,false,0
585,false,true,false,false,true,false,false,true,0
586,true,false,true,false,false,true,false,false,1
587,false,true,true,false,false,false,true,false,0
588,false,true,true,false,false,true,false,false,1
589,false,true,true,false,false,false,false,true,0
590,false,true,false,false,true,false,false,true,0
591,false,true,true,false,false,false,false,true,0
592,true,false,true,false,false,true,false,false,1
593,false,true,true,false,false,false,false,true,0
594,true,false,false,false,true,false,false,true,0
595,false,true,true,false,false,false,true,false,0
596,false,true,true,false,false,false,false,true,0
597,true,false,false,false,true,false,true,false,1
598,false,true,true,false,false,false,false,true,0
599,false,true,false,false,true,false,false,true,0
600,false,true,true,false,false,true,false,false,1
601,true,false,true,false,false,false,true,false,1
602,false,true,false,false,true,false,false,true,0
603,false,true,false,false,true,true,false,false,0
604,false,true,true,false,false,false,false,true,0
605,false,true,true,false,false,true,false,false,1
606,false,true,true,false,false,false,false,true,0
607,false,true,true,false,false,false,false,true,0
608,false,true,true,false,false,true,false,false,1
609,true,false,true,false,false,false,true,false,1
610,true,false,true,false,false,true,false,false,1
611,true,false,true,false,false,false,false,true,0
612,false,true,false,false,true,false,false,true,0
613,true,false,false,false,true,false,false,true,1
614,false,true,false,false,true,false,false,true,0
615,false,true,true,false,false,false,false,true,0
616,true,false,true,false,false,false,true,false,1
617,false,true,true,false,false,false,false,true,0
618,true,false,true,false,false,false,false,true,0
619,true,false,false,true,false,false,true,false,1
620,false,true,true,false,false,false,true,false,0
621,false,true,true,false,false,false,false,true,0
622,false,true,true,false,false,true,false,false,1
623,false,true,true,false,false,false,false,true,1
624,false,true,true,false,false,false,false,true,0
625,false,true,true,false,false,false,false,true,0
626,false,true,true,false,false,true,false,false,0
627,false,true,true,false,false,false,true,false,0
628,true,false,true,false,false,true,false,false,1
629,false,true,true,false,false,false,false,true,0
630,false,true,false,false,true,false,false,true,0
631,false,true,true,false,false,true,false,false,1
632,false,true,true,false,false,false,false,true,0
633,false,true,true,false,false,true,false,false,1
634,false,true,false,false,true,true,false,false,0
635,true,false,false,true,false,false,false,true,0
636,true,false,true,false,false,false,true,false,1
637,false,true,true,false,false,false,false,true,0
638,false,true,true,false,false,false,true,false,0
639,true,false,true,false,false,false,false,true,0
640,false,true,false,false,true,false,false,true,0
641,false,true,true,false,false,false,false,true,0
642,true,false,true,false,false,true,false,false,1
643,true,false,false,true,false,false,false,true,0
644,false,true,false,false,true,false,false,true,1
645,true,false,false,true,false,false,false,true,1
646,false,true,true,false,false,true,false,false,1
647,false,true,true,false,false,false,false,true,0
648,false,true,true,false,false,true,false,false,1
649,false,true,false,false,true,false,false,true,0
650,true,false,true,false,false,false,false,true,1
651,false,true,false,false,true,false,false,true,0
652,true,false,true,false,false,false,true,false,1
653,false,true,true,false,false,false,false,true,0
654,true,false,false,false,true,false,false,true,1
655,true,false,true,false,false,false,false,true,0
656,false,true,true,false,false,false,true,false,0
657,false,true,false,false,true,false,false,true,0
658,true,false,true,false,false,false,false,true,0
659,false,true,true,false,false,false,true,false,0
660,false,true,true,false,false,true,false,false,0
661,false,true,true,false,false,true,false,false,1
662,false,true,true,false,false,false,false,true,0
663,false,true,true,false,false,true,false,false,0
664,false,true,true,false,false,false,false,true,0
665,false,true,true,false,false,false,false,true,1
666,false,true,true,false,false,false,true,false,0
667,false,true,true,false,false,false,true,false,0
668,false,true,false,false,true,false,false,true,0
669,false,true,true,false,false,false,false,true,0
670,true,false,false,false,true,true,false,false,1
671,true,false,true,false,false,false,true,false,1
672,false,true,true,false,false,true,false,false,0
673,false,true,true,false,false,false,true,false,0
674,false,true,true,false,false,false,true,false,1
675,false,true,false,false,true,false,true,false,0
676,false,true,true,false,false,false,false,true,0
677,false,true,true,false,false,false,false,true,0
678,true,false,true,false,false,false,false,true,1
679,true,false,true,false,false,false,false,true,0
680,false,true,true,false,false,true,false,false,1
681,true,false,false,false,true,false,false,true,0
682,false,true,true,false,false,true,false,false,1
683,false,true,true,false,false,false,false,true,0
684,false,true,false,true,false,false,false,true,0
685,false,true,true,false,false,false,true,false,0
686,false,true,true,false,false,false,true,false,0
687,false,true,false,true,false,false,false,true,0
688,false,true,true,false,false,false,false,true,0
689,false,true,true,false,false,false,false,true,0
690,true,false,false,true,false,true,false,false,1
691,false,true,true,false,false,true,false,false,1
692,true,false,false,true,false,false,false,true,1
693,false,true,false,false,true,false,false,true,1
694,false,true,true,false,false,false,false,true,0
695,false,true,true,false,false,true,false,false,0
696,false,true,true,false,false,false,true,false,0
697,false,true,true,false,false,false,false,true,0
698,true,false,false,false,true,false,false,true,1
699,false,true,true,false,false,true,false,false,0
700,false,true,true,false,false,false,false,true,0
701,true,false,true,false,false,true,false,false,1
702,false,true,true,false,false,true,false,false,1
703,true,false,true,false,false,false,false,true,0
704,false,true,true,false,false,false,false,true,0
705,false,true,true,false,false,false,false,true,0
706,false,true,true,false,false,false,true,false,0
707,true,false,true,false,false,false,true,false,1
708,false,true,true,false,false,true,false,false,1
709,true,false,true,false,false,true,false,false,1
710,false,true,false,false,true,false,false,true,1
711,true,false,true,false,false,true,false,false,1
712,false,true,false,false,true,true,false,false,0
713,false,true,true,false,false,true,false,false,1
714,false,true,true,false,false,false,false,true,0
715,false,true,true,false,false,false,true,false,0
716,false,true,true,false,false,false,false,true,0
717,true,false,true,false,false,true,false,false,1
718,true,false,true,false,false,false,true,false,1
719,false,true,false,false,true,false,false,true,0
720,false,true,true,false,false,false,false,true,0
721,true,false,false,true,false,false,true,false,1
722,false,true,false,true,false,false,false,true,0
723,false,true,true,false,false,false,true,false,0
724,false,true,true,false,false,false,true,false,0
725,false,true,true,false,false,true,false,false,1
726,false,true,true,false,false,false,false,true,0
727,true,false,true,false,false,false,true,false,1
728,true,false,false,false,true,false,false,true,1
729,false,true,true,false,false,false,true,false,0
730,true,false,true,false,false,false,false,true,0
731,true,false,true,false,false,true,false,false,1
732,false,true,false,true,false,false,false,true,0
733,false,true,false,false,true,false,true,false,0
734,false,true,true,false,false,false,true,false,0
735,false,true,true,false,false,false,true,false,0
736,false,true,true,false,false,false,false,true,0
737,true,false,true,false,false,false,false,true,0
738,false,true,true,false,false,true,false,false,1
739,false,true,false,false,true,false,false,true,0
740,false,true,false,false,true,false,false,true,0
741,false,true,false,false,true,true,false,false,1
742,false,true,true,false,false,true,false,false,0
743,true,false,true,false,false,true,false,false,1
744,false,true,true,false,false,false,false,true,0
745,false,true,true,false,false,false,false,true,1
746,false,true,true,false,false,true,false,false,0
747,false,true,false,true,false,false,false,true,0
748,true,false,true,false,false,false,true,false,1
749,false,true,true,false,false,true,false,false,0
750,false,true,true,false,false,false,false,true,0
751,true,false,false,true,false,false,true,false,1
752,false,true,false,true,false,false,false,true,1
753,false,true,true,false,false,false,false,true,0
754,false,true,true,false,false,false,false,true,0
755,true,false,true,false,false,false,true,false,1
756,false,true,false,true,false,false,true,false,1
757,false,true,true,false,false,false,false,true,0
758,false,true,true,false,false,false,true,false,0
759,false,true,true,false,false,false,false,true,0
760,true,false,true,false,false,true,false,false,1
761,false,true,false,false,true,false,false,true,0
762,false,true,true,false,false,false,false,true,0
763,false,true,true,false,false,false,false,true,1
764,true,false,true,false,false,true,false,false,1
765,false,true,false,true,false,false,false,true,0
766,true,false,true,false,false,true,false,false,1
767,false,true,false,false,true,true,false,false,0
768,true,false,true,false,false,false,false,true,0
769,false,true,false,false,true,false,false,true,0
770,false,true,true,false,false,false,false,true,0
771,false,true,true,false,false,false,false,true,0
772,false,true,true,false,false,false,false,true,0
773,true,false,true,false,false,false,true,false,0
774,false,true,false,false,true,false,false,true,0
775,true,false,true,false,false,false,true,false,1
776,false,true,true,false,false,false,false,true,0
777,false,true,false,false,true,false,false,true,0
778,true,false,false,true,false,false,false,true,1
779,false,true,false,false,true,false,false,true,0
780,true,false,true,false,false,true,false,false,1
781,true,false,false,true,false,false,false,true,1
782,true,false,false,true,false,true,false,false,1
783,false,true,true,false,false,true,false,false,0
784,false,true,false,false,true,false,false,true,0
785,false,true,true,false,false,false,false,true,0
786,false,true,true,false,false,false,false,true,0
787,true,false,true,false,false,false,false,true,1
788,false,true,false,true,false,false,false,true,0
789,false,true,false,true,false,false,false,true,1
790,false,true,true,false,false,true,false,false,0
791,false,true,false,false,true,false,false,true,0
792,false,true,false,true,false,false,true,false,0
793,true,false,false,false,true,false,false,true,0
794,false,true,false,false,true,true,false,false,0
795,false,true,true,false,false,false,false,true,0
796,false,true,true,false,false,false,true,false,0
797,true,false,true,false,false,true,false,false,1
798,true,false,true,false,false,false,false,true,1
799,false,true,true,false,false,false,false,true,0
800,true,false,true,false,false,false,false,true,0
801,false,true,true,false,false,false,true,false,0
802,true,false,true,false,false,false,true,false,1
803,false,true,false,true,false,true,false,false,1
804,false,true,false,true,false,false,false,true,1
805,false,true,true,false,false,false,false,true,1
806,false,true,true,false,false,false,false,true,0
807,false,true,true,false,false,true,false,false,0
808,true,false,true,false,false,false,false,true,0
809,false,true,true,false,false,false,true,false,0
810,true,false,true,false,false,true,false,false,1
811,false,true,true,false,false,false,false,true,0
812,false,true,true,false,false,false,false,true,0
813,false,true,true,false,false,false,true,false,0
814,true,false,false,true,false,false,false,true,0
815,false,true,true,false,false,false,false,true,0
816,false,true,false,false,true,true,false,false,0
817,true,false,true,false,false,false,false,true,0
818,false,true,true,false,false,false,true,false,0
819,false,true,true,false,false,false,false,true,0
820,false,true,false,true,false,false,false,true,0
821,true,false,true,false,false,true,false,false,1
822,false,true,true,false,false,false,false,true,1
823,false,true,true,false,false,true,false,false,0
824,true,false,true,false,false,false,false,true,1
825,false,true,false,true,false,false,false,true,0
826,false,true,false,false,true,false,false,true,0
827,false,true,false,false,true,false,false,true,0
828,false,true,false,true,false,false,true,false,1
829,false,true,false,false,true,false,false,true,1
830,true,false,true,false,false,true,false,false,1
831,true,false,false,true,false,false,false,true,1
832,false,true,false,true,false,false,true,false,1
833,false,true,false,false,true,false,false,true,0
834,false,true,true,false,false,false,false,true,0
835,false,true,true,false,false,false,false,true,0
836,true,false,true,false,false,true,false,false,1
837,false,true,true,false,false,false,false,true,0
838,false,true,false,false,true,false,false,true,0
839,false,true,true,false,false,false,false,true,1
840,false,true,false,false,true,true,false,false,1
841,false,true,true,false,false,false,false,true,0
842,false,true,false,true,false,false,true,false,0
843,true,false,true,false,false,true,false,false,1
844,false,true,true,false,false,false,false,true,0
845,false,true,false,true,false,false,false,true,0
846,false,true,true,false,false,false,false,true,0
847,false,true,false,false,true,false,false,true,0
848,false,true,true,false,false,false,false,true,0
849,false,true,true,false,false,false,true,false,0
850,true,false,false,false,true,true,false,false,1
851,false,true,false,true,false,false,false,true,0
852,false,true,true,false,false,false,false,true,0
853,true,false,false,true,false,false,false,true,0
854,true,false,false,true,false,true,false,false,1
855,true,false,true,false,false,false,true,false,0
856,true,false,true,false,false,false,false,true,1
857,true,false,true,false,false,true,false,false,1
858,false,true,true,false,false,true,false,false,1
859,true,false,true,false,false,false,false,true,1
860,false,true,false,false,true,false,false,true,0
861,false,true,true,false,false,false,false,true,0
862,false,true,true,false,false,false,true,false,0
863,true,false,true,false,false,true,false,false,1
864,true,false,false,false,true,false,false,true,0
865,false,true,true,false,false,false,true,false,0
866,true,false,true,false,false,false,true,false,1
867,true,false,true,false,false,false,true,false,1
868,false,true,true,false,false,true,false,false,0
869,false,true,false,false,true,false,false,true,0
870,false,true,false,true,false,false,false,true,1
871,false,true,true,false,false,false,false,true,0
872,true,false,true,false,false,true,false,false,1
873,false,true,true,false,false,true,false,false,0
874,false,true,true,false,false,false,false,true,0
875,true,false,true,false,false,false,true,false,1
876,true,false,false,true,false,false,false,true,1
877,false,true,true,false,false,false,false,true,0
878,false,true,true,false,false,false,false,true,0
879,false,true,false,false,true,false,false,true,0
880,true,false,true,false,false,true,false,false,1
881,true,false,true,false,false,false,true,false,1
882,false,true,true,false,false,false,false,true,0
883,true,false,true,false,false,false,false,true,0
884,false,true,true,false,false,false,true,false,0
885,false,true,true,false,false,false,false,true,0
886,true,false,true,false,false,false,false,true,0
887,false,true,true,false,false,false,true,false,0
888,true,false,true,false,false,true,false,false,1
889,true,false,false,false,true,false,false,true,0
890,false,true,true,false,false,true,false,false,1
891,false,true,true,false,false,false,false,true,0
